{"created": 1755305596.850476, "duration": 0.010159730911254883, "exitcode": 4, "root": "/app", "environment": {}, "summary": {"total": 0, "collected": 0}, "tests": []}